﻿<?xml version="1.0" encoding="utf-8"?>
<ContactSensorArrayState xmlns:xsi="http://www.w3.org/2001/XMLSchema-instance" xmlns:xsd="http://www.w3.org/2001/XMLSchema" xmlns="http://schemas.microsoft.com/2006/06/contactsensor.html">
  <Sensors>
    <ContactSensor>
      <Name>Rear Bumper</Name>
      <HardwareIdentifier>645601</HardwareIdentifier>
      <TimeStamp>0001-01-01T00:00:00</TimeStamp>
      <Pressed>false</Pressed>
    </ContactSensor>
    <ContactSensor>
      <Name>Front Left Bumper</Name>
      <HardwareIdentifier>645602</HardwareIdentifier>
      <TimeStamp>0001-01-01T00:00:00</TimeStamp>
      <Pressed>false</Pressed>
    </ContactSensor>
    <ContactSensor>
      <Name>Front Right Bumper</Name>
      <HardwareIdentifier>645607</HardwareIdentifier>
      <TimeStamp>0001-01-01T00:00:00</TimeStamp>
      <Pressed>false</Pressed>
    </ContactSensor>
  </Sensors>
</ContactSensorArrayState>