﻿<?xml version="1.0" encoding="utf-8"?>
<Manifest 
    xmlns="http://schemas.microsoft.com/xw/2004/10/manifest.html"
    xmlns:dssp="http://schemas.microsoft.com/xw/2004/10/dssp.html"
    xmlns:drive="http://schemas.microsoft.com/robotics/2006/05/drive.html" 
    >

  <!-- Starts 2 phidget motors, 2 phidget encoders and 
       one digital input for a differential drive 
       configuration with bumpers
  -->

  <CreateServiceList>

    <!--Start the Generic (hardware agnostic) drive service-->
    <ServiceRecordType>
      <dssp:Contract>http://schemas.microsoft.com/robotics/2006/05/drive.html</dssp:Contract>
      <dssp:PartnerList>
        <!--Initial state partner-->
        <dssp:Partner>
          <dssp:Service>Phidgets.Drive.Config.xml</dssp:Service>
          <dssp:Name>dssp:StateService</dssp:Name>
        </dssp:Partner>
        <dssp:Partner>
          <dssp:Name>drive:BumperService</dssp:Name>
        </dssp:Partner>
        <dssp:Partner>
          <dssp:Name>drive:LeftMotor</dssp:Name>
        </dssp:Partner>
        <dssp:Partner>
          <dssp:Name>drive:RightMotor</dssp:Name>
        </dssp:Partner>
        <dssp:Partner>
          <dssp:Name>drive:LeftEncoder</dssp:Name>
        </dssp:Partner>
        <dssp:Partner>
          <dssp:Name>drive:RightEncoder</dssp:Name>
        </dssp:Partner>
      </dssp:PartnerList>
    </ServiceRecordType>

    <!--The following section creates the services that the generic drive requires as partners -->

    <ServiceRecordType>
      <dssp:Contract>http://schemas.phidgets.com/2006/08/phidgetdigitalinput.html</dssp:Contract>
      <dssp:PartnerList>
        <dssp:Partner>
          <dssp:Service>Phidgets.Bumper.Config.xml</dssp:Service>
          <dssp:Name>dssp:StateService</dssp:Name>
        </dssp:Partner>
      </dssp:PartnerList>
    </ServiceRecordType>

    <ServiceRecordType>
      <dssp:Contract>http://schemas.phidgets.com/2006/08/phidgetmotor.html</dssp:Contract>
      <Name>drive:LeftMotor</Name>
    </ServiceRecordType>

    <ServiceRecordType>
      <dssp:Contract>http://schemas.phidgets.com/2006/08/phidgetmotor.html</dssp:Contract>
      <Name>drive:RightMotor</Name>
    </ServiceRecordType>

    <ServiceRecordType>
      <dssp:Contract>http://schemas.phidgets.com/2006/08/phidgetencoder.html</dssp:Contract>
      <Name>drive:LeftEncoder</Name>
    </ServiceRecordType>

    <ServiceRecordType>
      <dssp:Contract>http://schemas.phidgets.com/2006/08/phidgetencoder.html</dssp:Contract>
      <Name>drive:RightEncoder</Name>
    </ServiceRecordType>

  </CreateServiceList>

</Manifest>
